{
	"credit": "Made with Blockbench",
	"textures": {
		"0": "3x1b_custom_sword",
		"particle": "3x1b_custom_sword"
	},
	"elements": [
		{
			"from": [8.25, 6, 7.25],
			"to": [9.75, 10, 8.75],
			"rotation": {"angle": 0, "axis": "y", "origin": [8, 6, 7]},
			"faces": {
				"north": {"uv": [13, 6, 14, 10], "texture": "#0"},
				"east": {"uv": [12, 6, 13, 10], "texture": "#0"},
				"south": {"uv": [15, 6, 16, 10], "texture": "#0"},
				"west": {"uv": [14, 6, 15, 10], "texture": "#0"},
				"up": {"uv": [14, 6, 13, 5], "texture": "#0"},
				"down": {"uv": [15, 5, 14, 6], "texture": "#0"}
			}
		},
		{
			"from": [8.125, 1, 7.125],
			"to": [9.875, 2.75, 8.875],
			"rotation": {"angle": 0, "axis": "y", "origin": [8, 1, 7]},
			"faces": {
				"north": {"uv": [5, 1, 6, 2], "texture": "#0"},
				"east": {"uv": [4, 1, 5, 2], "texture": "#0"},
				"south": {"uv": [7, 1, 8, 2], "texture": "#0"},
				"west": {"uv": [6, 1, 7, 2], "texture": "#0"},
				"up": {"uv": [6, 1, 5, 0], "texture": "#0"},
				"down": {"uv": [7, 0, 6, 1], "texture": "#0"}
			}
		},
		{
			"from": [7.75, 12.5, 6.75],
			"to": [10.25, 15.5, 9.25],
			"rotation": {"angle": 0, "axis": "y", "origin": [8, 13, 6]},
			"faces": {
				"north": {"uv": [10, 2, 12, 5], "texture": "#0"},
				"east": {"uv": [8, 2, 10, 5], "texture": "#0"},
				"south": {"uv": [14, 2, 16, 5], "texture": "#0"},
				"west": {"uv": [12, 2, 14, 5], "texture": "#0"},
				"up": {"uv": [12, 2, 10, 0], "texture": "#0"},
				"down": {"uv": [14, 0, 12, 2], "texture": "#0"}
			}
		},
		{
			"from": [7.125, 14.75, 6.125],
			"to": [10.875, 16.75, 9.875],
			"rotation": {"angle": 0, "axis": "y", "origin": [8, 15, 7]},
			"faces": {
				"north": {"uv": [7, 14, 10, 16], "texture": "#0"},
				"east": {"uv": [4, 14, 7, 16], "texture": "#0"},
				"south": {"uv": [13, 14, 16, 16], "texture": "#0"},
				"west": {"uv": [10, 14, 13, 16], "texture": "#0"},
				"up": {"uv": [10, 14, 7, 11], "texture": "#0"},
				"down": {"uv": [13, 11, 10, 14], "texture": "#0"}
			}
		},
		{
			"from": [7.125, 18.25, 6.125],
			"to": [10.875, 20.25, 9.875],
			"rotation": {"angle": 0, "axis": "x", "origin": [8, 20, 9]},
			"faces": {
				"north": {"uv": [7, 14, 10, 16], "texture": "#0"},
				"east": {"uv": [4, 14, 7, 16], "texture": "#0"},
				"south": {"uv": [13, 14, 16, 16], "texture": "#0"},
				"west": {"uv": [10, 14, 13, 16], "texture": "#0"},
				"up": {"uv": [10, 14, 7, 11], "texture": "#0"},
				"down": {"uv": [13, 11, 10, 14], "texture": "#0"}
			}
		},
		{
			"from": [7.5, 16.75, 6.5],
			"to": [10.5, 18.75, 9.5],
			"rotation": {"angle": 0, "axis": "y", "origin": [8, 17, 7]},
			"faces": {
				"north": {"uv": [3, 9, 6, 11], "texture": "#0"},
				"east": {"uv": [0, 9, 3, 11], "texture": "#0"},
				"south": {"uv": [9, 9, 12, 11], "texture": "#0"},
				"west": {"uv": [6, 9, 9, 11], "texture": "#0"},
				"up": {"uv": [6, 9, 3, 6], "texture": "#0"},
				"down": {"uv": [9, 6, 6, 9], "texture": "#0"}
			}
		},
		{
			"from": [8.5, 2, 7.5],
			"to": [9.5, 14, 8.5],
			"rotation": {"angle": 0, "axis": "y", "origin": [8, 2, 7]},
			"faces": {
				"north": {"uv": [1, 1, 2, 13], "texture": "#0"},
				"east": {"uv": [0, 1, 1, 13], "texture": "#0"},
				"south": {"uv": [3, 1, 4, 13], "texture": "#0"},
				"west": {"uv": [2, 1, 3, 13], "texture": "#0"},
				"up": {"uv": [2, 1, 1, 0], "texture": "#0"},
				"down": {"uv": [3, 0, 2, 1], "texture": "#0"}
			}
		},
		{
			"from": [10, 15, 8],
			"to": [11.499, 16.499, 9.499],
			"rotation": {"angle": -22.5, "axis": "y", "origin": [11.09673, 15.76904, 8.74975]},
			"faces": {
				"north": {"uv": [5, 5, 6, 6], "texture": "#0"},
				"east": {"uv": [4, 5, 5, 6], "texture": "#0"},
				"south": {"uv": [7, 5, 8, 6], "texture": "#0"},
				"west": {"uv": [6, 5, 7, 6], "texture": "#0"},
				"up": {"uv": [6, 5, 5, 4], "texture": "#0"},
				"down": {"uv": [7, 4, 6, 5], "texture": "#0"}
			}
		},
		{
			"from": [10.675, 15.15421, 8.25],
			"to": [12.175, 16.15421, 9.25],
			"rotation": {"angle": 22.5, "axis": "z", "origin": [11.09673, 15.76904, 8.74975]},
			"faces": {
				"north": {"uv": [5, 5, 6, 6], "texture": "#0"},
				"east": {"uv": [4, 5, 5, 6], "texture": "#0"},
				"south": {"uv": [7, 5, 8, 6], "texture": "#0"},
				"west": {"uv": [6, 5, 7, 6], "texture": "#0"},
				"up": {"uv": [6, 5, 5, 4], "texture": "#0"},
				"down": {"uv": [7, 4, 6, 5], "texture": "#0"}
			}
		},
		{
			"from": [10.25, 17.75, 6.75],
			"to": [11.749, 19.249, 8.249],
			"rotation": {"angle": -22.5, "axis": "y", "origin": [11.34673, 18.51904, 7.49975]},
			"faces": {
				"north": {"uv": [5, 5, 6, 6], "texture": "#0"},
				"east": {"uv": [4, 5, 5, 6], "texture": "#0"},
				"south": {"uv": [7, 5, 8, 6], "texture": "#0"},
				"west": {"uv": [6, 5, 7, 6], "texture": "#0"},
				"up": {"uv": [6, 5, 5, 4], "texture": "#0"},
				"down": {"uv": [7, 4, 6, 5], "texture": "#0"}
			}
		},
		{
			"from": [10.925, 17.90421, 7],
			"to": [12.425, 18.90421, 8],
			"rotation": {"angle": -22.5, "axis": "y", "origin": [11.34673, 18.51904, 7.49975]},
			"faces": {
				"north": {"uv": [5, 5, 6, 6], "texture": "#0"},
				"east": {"uv": [4, 5, 5, 6], "texture": "#0"},
				"south": {"uv": [7, 5, 8, 6], "texture": "#0"},
				"west": {"uv": [6, 5, 7, 6], "texture": "#0"},
				"up": {"uv": [6, 5, 5, 4], "texture": "#0"},
				"down": {"uv": [7, 4, 6, 5], "texture": "#0"}
			}
		},
		{
			"from": [7.34698, 18.65421, 4.67147],
			"to": [8.34698, 19.65421, 6.17147],
			"rotation": {"angle": 0, "axis": "x", "origin": [7.84673, 19.26904, 5.74975]},
			"faces": {
				"north": {"uv": [5, 5, 6, 6], "texture": "#0"},
				"east": {"uv": [4, 5, 5, 6], "texture": "#0"},
				"south": {"uv": [7, 5, 8, 6], "texture": "#0"},
				"west": {"uv": [6, 5, 7, 6], "texture": "#0"},
				"up": {"uv": [6, 5, 5, 4], "texture": "#0"},
				"down": {"uv": [7, 4, 6, 5], "texture": "#0"}
			}
		},
		{
			"from": [7.09698, 18.5, 5.34748],
			"to": [8.59598, 19.999, 6.84648],
			"rotation": {"angle": 22.5, "axis": "x", "origin": [7.84673, 19.26904, 5.74975]},
			"faces": {
				"north": {"uv": [5, 5, 6, 6], "texture": "#0"},
				"east": {"uv": [4, 5, 5, 6], "texture": "#0"},
				"south": {"uv": [7, 5, 8, 6], "texture": "#0"},
				"west": {"uv": [6, 5, 7, 6], "texture": "#0"},
				"up": {"uv": [6, 5, 5, 4], "texture": "#0"},
				"down": {"uv": [7, 4, 6, 5], "texture": "#0"}
			}
		},
		{
			"from": [8.84698, 15.75, 5.34748],
			"to": [10.34598, 17.249, 6.84648],
			"rotation": {"angle": 0, "axis": "x", "origin": [9.59673, 16.51904, 5.74975]},
			"faces": {
				"north": {"uv": [5, 5, 6, 6], "texture": "#0"},
				"east": {"uv": [4, 5, 5, 6], "texture": "#0"},
				"south": {"uv": [7, 5, 8, 6], "texture": "#0"},
				"west": {"uv": [6, 5, 7, 6], "texture": "#0"},
				"up": {"uv": [6, 5, 5, 4], "texture": "#0"},
				"down": {"uv": [7, 4, 6, 5], "texture": "#0"}
			}
		},
		{
			"from": [9.09698, 15.90421, 4.67147],
			"to": [10.09698, 16.90421, 6.17147],
			"rotation": {"angle": -22.5, "axis": "x", "origin": [9.59673, 16.51904, 5.74975]},
			"faces": {
				"north": {"uv": [5, 5, 6, 6], "texture": "#0"},
				"east": {"uv": [4, 5, 5, 6], "texture": "#0"},
				"south": {"uv": [7, 5, 8, 6], "texture": "#0"},
				"west": {"uv": [6, 5, 7, 6], "texture": "#0"},
				"up": {"uv": [6, 5, 5, 4], "texture": "#0"},
				"down": {"uv": [7, 4, 6, 5], "texture": "#0"}
			}
		},
		{
			"from": [6.19446, 15.75, 7.0005],
			"to": [7.69346, 17.249, 8.4995],
			"rotation": {"angle": -22.5, "axis": "y", "origin": [6.59673, 16.51904, 7.74975]},
			"faces": {
				"north": {"uv": [5, 5, 6, 6], "texture": "#0"},
				"east": {"uv": [4, 5, 5, 6], "texture": "#0"},
				"south": {"uv": [7, 5, 8, 6], "texture": "#0"},
				"west": {"uv": [6, 5, 7, 6], "texture": "#0"},
				"up": {"uv": [6, 5, 5, 4], "texture": "#0"},
				"down": {"uv": [7, 4, 6, 5], "texture": "#0"}
			}
		},
		{
			"from": [5.51845, 15.90421, 7.2495],
			"to": [7.01845, 16.90421, 8.2495],
			"rotation": {"angle": -22.5, "axis": "z", "origin": [6.59673, 16.51904, 7.74975]},
			"faces": {
				"north": {"uv": [5, 5, 6, 6], "texture": "#0"},
				"east": {"uv": [4, 5, 5, 6], "texture": "#0"},
				"south": {"uv": [7, 5, 8, 6], "texture": "#0"},
				"west": {"uv": [6, 5, 7, 6], "texture": "#0"},
				"up": {"uv": [6, 5, 5, 4], "texture": "#0"},
				"down": {"uv": [7, 4, 6, 5], "texture": "#0"}
			}
		},
		{
			"from": [6.19446, 18.75, 7.0005],
			"to": [7.69346, 20.249, 8.4995],
			"rotation": {"angle": 22.5, "axis": "y", "origin": [6.59673, 19.51904, 7.74975]},
			"faces": {
				"north": {"uv": [5, 5, 6, 6], "texture": "#0"},
				"east": {"uv": [4, 5, 5, 6], "texture": "#0"},
				"south": {"uv": [7, 5, 8, 6], "texture": "#0"},
				"west": {"uv": [6, 5, 7, 6], "texture": "#0"},
				"up": {"uv": [6, 5, 5, 4], "texture": "#0"},
				"down": {"uv": [7, 4, 6, 5], "texture": "#0"}
			}
		},
		{
			"from": [5.51845, 18.90421, 7.2495],
			"to": [7.01845, 19.90421, 8.2495],
			"rotation": {"angle": -22.5, "axis": "z", "origin": [6.59673, 19.51904, 7.74975]},
			"faces": {
				"north": {"uv": [5, 5, 6, 6], "texture": "#0"},
				"east": {"uv": [4, 5, 5, 6], "texture": "#0"},
				"south": {"uv": [7, 5, 8, 6], "texture": "#0"},
				"west": {"uv": [6, 5, 7, 6], "texture": "#0"},
				"up": {"uv": [6, 5, 5, 4], "texture": "#0"},
				"down": {"uv": [7, 4, 6, 5], "texture": "#0"}
			}
		},
		{
			"from": [9.09748, 17.75, 9.15302],
			"to": [10.59648, 19.249, 10.65202],
			"rotation": {"angle": 22.5, "axis": "y", "origin": [9.84673, 18.51904, 10.24975]},
			"faces": {
				"north": {"uv": [5, 5, 6, 6], "texture": "#0"},
				"east": {"uv": [4, 5, 5, 6], "texture": "#0"},
				"south": {"uv": [7, 5, 8, 6], "texture": "#0"},
				"west": {"uv": [6, 5, 7, 6], "texture": "#0"},
				"up": {"uv": [6, 5, 5, 4], "texture": "#0"},
				"down": {"uv": [7, 4, 6, 5], "texture": "#0"}
			}
		},
		{
			"from": [9.34648, 17.90421, 9.82803],
			"to": [10.34648, 18.90421, 11.32803],
			"rotation": {"angle": 22.5, "axis": "y", "origin": [9.84673, 18.51904, 10.24975]},
			"faces": {
				"north": {"uv": [5, 5, 6, 6], "texture": "#0"},
				"east": {"uv": [4, 5, 5, 6], "texture": "#0"},
				"south": {"uv": [7, 5, 8, 6], "texture": "#0"},
				"west": {"uv": [6, 5, 7, 6], "texture": "#0"},
				"up": {"uv": [6, 5, 5, 4], "texture": "#0"},
				"down": {"uv": [7, 4, 6, 5], "texture": "#0"}
			}
		},
		{
			"from": [9.09748, 19.17231, 8.01979],
			"to": [10.59648, 20.67131, 9.51879],
			"rotation": {"angle": 22.5, "axis": "y", "origin": [9.84673, 20.26904, 8.74975]},
			"faces": {
				"north": {"uv": [5, 5, 6, 6], "texture": "#0"},
				"east": {"uv": [4, 5, 5, 6], "texture": "#0"},
				"south": {"uv": [7, 5, 8, 6], "texture": "#0"},
				"west": {"uv": [6, 5, 7, 6], "texture": "#0"},
				"up": {"uv": [6, 5, 5, 4], "texture": "#0"},
				"down": {"uv": [7, 4, 6, 5], "texture": "#0"}
			}
		},
		{
			"from": [9.34648, 19.84732, 8.36458],
			"to": [10.34648, 21.34732, 9.36458],
			"rotation": {"angle": 22.5, "axis": "x", "origin": [9.84673, 20.26904, 8.74975]},
			"faces": {
				"north": {"uv": [5, 5, 6, 6], "texture": "#0"},
				"east": {"uv": [4, 5, 5, 6], "texture": "#0"},
				"south": {"uv": [7, 5, 8, 6], "texture": "#0"},
				"west": {"uv": [6, 5, 7, 6], "texture": "#0"},
				"up": {"uv": [6, 5, 5, 4], "texture": "#0"},
				"down": {"uv": [7, 4, 6, 5], "texture": "#0"}
			}
		},
		{
			"from": [7.7319, 19.84732, 6.7495],
			"to": [8.7319, 21.34732, 7.7495],
			"rotation": {"angle": 22.5, "axis": "z", "origin": [8.34673, 20.26904, 7.24975]},
			"faces": {
				"north": {"uv": [5, 5, 6, 6], "texture": "#0"},
				"east": {"uv": [4, 5, 5, 6], "texture": "#0"},
				"south": {"uv": [7, 5, 8, 6], "texture": "#0"},
				"west": {"uv": [6, 5, 7, 6], "texture": "#0"},
				"up": {"uv": [6, 5, 5, 4], "texture": "#0"},
				"down": {"uv": [7, 4, 6, 5], "texture": "#0"}
			}
		},
		{
			"from": [7.57769, 19.17231, 6.5005],
			"to": [9.07669, 20.67131, 7.9995],
			"rotation": {"angle": -22.5, "axis": "y", "origin": [8.34673, 20.26904, 7.24975]},
			"faces": {
				"north": {"uv": [5, 5, 6, 6], "texture": "#0"},
				"east": {"uv": [4, 5, 5, 6], "texture": "#0"},
				"south": {"uv": [7, 5, 8, 6], "texture": "#0"},
				"west": {"uv": [6, 5, 7, 6], "texture": "#0"},
				"up": {"uv": [6, 5, 5, 4], "texture": "#0"},
				"down": {"uv": [7, 4, 6, 5], "texture": "#0"}
			}
		},
		{
			"from": [7.84648, 15.65421, 9.82803],
			"to": [8.84648, 16.65421, 11.32803],
			"rotation": {"angle": 0, "axis": "x", "origin": [8.34673, 16.26904, 10.24975]},
			"faces": {
				"north": {"uv": [5, 5, 6, 6], "texture": "#0"},
				"east": {"uv": [4, 5, 5, 6], "texture": "#0"},
				"south": {"uv": [7, 5, 8, 6], "texture": "#0"},
				"west": {"uv": [6, 5, 7, 6], "texture": "#0"},
				"up": {"uv": [6, 5, 5, 4], "texture": "#0"},
				"down": {"uv": [7, 4, 6, 5], "texture": "#0"}
			}
		},
		{
			"from": [7.59748, 15.5, 9.15302],
			"to": [9.09648, 16.999, 10.65202],
			"rotation": {"angle": 22.5, "axis": "x", "origin": [8.34673, 16.26904, 10.24975]},
			"faces": {
				"north": {"uv": [5, 5, 6, 6], "texture": "#0"},
				"east": {"uv": [4, 5, 5, 6], "texture": "#0"},
				"south": {"uv": [7, 5, 8, 6], "texture": "#0"},
				"west": {"uv": [6, 5, 7, 6], "texture": "#0"},
				"up": {"uv": [6, 5, 5, 4], "texture": "#0"},
				"down": {"uv": [7, 4, 6, 5], "texture": "#0"}
			}
		}
	],
	"display": {
		"thirdperson_righthand": {
			"rotation": [17.25, 0, 0],
			"translation": [0, 2, 2],
			"scale": [0.99805, 0.99805, 0.99805]
		},
		"thirdperson_lefthand": {
			"rotation": [70, 0, 45],
			"translation": [-4, -6.25, 5.75],
			"scale": [1.25, 1.25, 1.25]
		},
		"firstperson_lefthand": {
			"translation": [0, 2.75, 0]
		},
		"ground": {
			"rotation": [-98.39, 8.93, -136.05]
		},
		"gui": {
			"rotation": [-5, 12, -46],
			"translation": [-2.5, -1.75, 0]
		},
		"fixed": {
			"rotation": [0, 0, 46.5]
		}
	},
	"groups": [
		{
			"name": "base",
			"origin": [8, 2, 7],
			"color": 0,
			"children": [0, 1, 2, 3, 4, 5, 6]
		},
		{
			"name": "spikes",
			"origin": [8.34673, 16.26904, 10.24975],
			"color": 0,
			"children": [7, 8, 9, 10, 11, 12, 13, 14, 15, 16, 17, 18, 19, 20, 21, 22, 23, 24, 25, 26]
		}
	]
}