{
	"credit": "Made with Blockbench",
	"texture_size": [32, 32],
	"textures": {
		"0": "tophat",
		"particle": "tophat"
	},
	"elements": [
		{
			"from": [4, 0, 4],
			"to": [12, 1, 12],
			"rotation": {"angle": 0, "axis": "y", "origin": [7, 0, 7]},
			"faces": {
				"north": {"uv": [4, 4, 8, 4.5], "texture": "#0"},
				"east": {"uv": [0, 4, 4, 4.5], "texture": "#0"},
				"south": {"uv": [12, 4, 16, 4.5], "texture": "#0"},
				"west": {"uv": [8, 4, 12, 4.5], "texture": "#0"},
				"up": {"uv": [8, 4, 4, 0], "texture": "#0"},
				"down": {"uv": [12, 0, 8, 4], "texture": "#0"}
			}
		},
		{
			"from": [5, 1, 5],
			"to": [11, 7, 11],
			"rotation": {"angle": 0, "axis": "y", "origin": [7, 1, 7]},
			"faces": {
				"north": {"uv": [3, 7.5, 6, 10.5], "texture": "#0"},
				"east": {"uv": [0, 7.5, 3, 10.5], "texture": "#0"},
				"south": {"uv": [9, 7.5, 12, 10.5], "texture": "#0"},
				"west": {"uv": [6, 7.5, 9, 10.5], "texture": "#0"},
				"up": {"uv": [6, 7.5, 3, 4.5], "texture": "#0"},
				"down": {"uv": [9, 4.5, 6, 7.5], "texture": "#0"}
			}
		}
	],
	"display": {
		"thirdperson_righthand": {
			"translation": [0, 6.5, -1.75]
		},
		"thirdperson_lefthand": {
			"translation": [0, 6.5, -1.75]
		},
		"firstperson_righthand": {
			"translation": [-0.75, 7.75, 0.25],
			"scale": [0.75, 0.75, 0.75]
		},
		"firstperson_lefthand": {
			"translation": [-0.75, 7.75, 0],
			"scale": [0.75, 0.75, 0.75]
		},
		"ground": {
			"translation": [0, 3.75, 0]
		},
		"gui": {
			"rotation": [0, 45, 0]
		},
		"head": {
			"translation": [0, 14.25, 0]
		},
		"fixed": {
			"rotation": [0, 45, 0],
			"translation": [0, 4.5, 0]
		}
	}
}