{
	"format_version": "1.9.0",
	"credit": "Made with Blockbench",
	"texture_size": [32, 32],
	"textures": {
		"0": "texture",
		"particle": "texture"
	},
	"elements": [
		{
			"from": [7.25, 1, 7.25],
			"to": [8.75, 2, 8.75],
			"rotation": {"angle": 0, "axis": "y", "origin": [7, 1, 7]},
			"faces": {
				"north": {"uv": [1.5, 6, 2, 6.5], "texture": "#0"},
				"east": {"uv": [1, 6, 1.5, 6.5], "texture": "#0"},
				"south": {"uv": [2.5, 6, 3, 6.5], "texture": "#0"},
				"west": {"uv": [2, 6, 2.5, 6.5], "texture": "#0"},
				"up": {"uv": [2, 6, 1.5, 5.5], "texture": "#0"},
				"down": {"uv": [2.5, 5.5, 2, 6], "texture": "#0"}
			}
		},
		{
			"from": [7.5, 6, 7.25],
			"to": [8.5, 14, 8.75],
			"rotation": {"angle": 0, "axis": "y", "origin": [7, 6, 7]},
			"faces": {
				"north": {"uv": [4.5, 3.5, 5, 7.5], "texture": "#0"},
				"east": {"uv": [4, 3.5, 4.5, 7.5], "texture": "#0"},
				"south": {"uv": [5.5, 3.5, 6, 7.5], "texture": "#0"},
				"west": {"uv": [5, 3.5, 5.5, 7.5], "texture": "#0"},
				"up": {"uv": [5, 3.5, 4.5, 3], "texture": "#0"},
				"down": {"uv": [5.5, 3, 5, 3.5], "texture": "#0"}
			}
		},
		{
			"from": [7.499, 13.38287, 8.17407],
			"to": [8.499, 14.38287, 8.74907],
			"rotation": {"angle": 0, "axis": "y", "origin": [6.999, 6.38287, 7.02407]},
			"faces": {
				"north": {"uv": [5, 4, 5.5, 4.5], "texture": "#0"},
				"east": {"uv": [5, 4, 5, 4.5], "texture": "#0"},
				"south": {"uv": [5.5, 4, 6, 4.5], "texture": "#0"},
				"west": {"uv": [5.5, 4, 5.5, 4.5], "texture": "#0"},
				"up": {"uv": [5.5, 4, 5, 4], "texture": "#0"},
				"down": {"uv": [6, 4, 5.5, 4], "texture": "#0"}
			}
		},
		{
			"from": [7.5, 12.90452, 7.26922],
			"to": [8.498, 13.90452, 8.26922],
			"rotation": {"angle": -22.5, "axis": "x", "origin": [6.999, 13.90452, 7.01922]},
			"faces": {
				"north": {"uv": [5.5, 4, 5.5, 4.5], "texture": "#0"},
				"east": {"uv": [5, 4, 5.5, 4.5], "texture": "#0"},
				"south": {"uv": [6, 4, 6, 4.5], "texture": "#0"},
				"west": {"uv": [5.5, 4, 6, 4.5], "texture": "#0"},
				"up": {"uv": [5.5, 4, 5.5, 3.5], "texture": "#0"},
				"down": {"uv": [5.5, 3.5, 5.5, 4], "texture": "#0"}
			}
		},
		{
			"from": [7.249, 2.25, 7.49],
			"to": [8.751, 6.25, 8.492],
			"rotation": {"angle": 0, "axis": "y", "origin": [7.991, 4, 8.001]},
			"faces": {
				"north": {"uv": [11, 12, 11.5, 14], "texture": "#0"},
				"east": {"uv": [10.5, 12, 11, 14], "texture": "#0"},
				"south": {"uv": [12, 12, 12.5, 14], "texture": "#0"},
				"west": {"uv": [11.5, 12, 12, 14], "texture": "#0"},
				"up": {"uv": [11.5, 12, 11, 11.5], "texture": "#0"},
				"down": {"uv": [12, 11.5, 11.5, 12], "texture": "#0"}
			}
		},
		{
			"from": [7.499, 2.25, 7.249],
			"to": [8.501, 6.25, 8.751],
			"rotation": {"angle": 0, "axis": "y", "origin": [7.991, 4, 8.001]},
			"faces": {
				"north": {"uv": [10.5, 12, 11, 14], "texture": "#0"},
				"east": {"uv": [10, 12, 10.5, 14], "texture": "#0"},
				"south": {"uv": [11.5, 12, 12, 14], "texture": "#0"},
				"west": {"uv": [11, 12, 11.5, 14], "texture": "#0"},
				"up": {"uv": [11, 12, 10.5, 11.5], "texture": "#0"},
				"down": {"uv": [11.5, 11.5, 11, 12], "texture": "#0"}
			}
		},
		{
			"from": [7.25, 2, 7.25],
			"to": [8.75, 6, 8.75],
			"rotation": {"angle": 0, "axis": "y", "origin": [7, 0, 7]},
			"faces": {
				"north": {"uv": [1.5, 3, 2, 5], "texture": "#0"},
				"east": {"uv": [1, 3, 1.5, 5], "texture": "#0"},
				"south": {"uv": [2.5, 3, 3, 5], "texture": "#0"},
				"west": {"uv": [2, 3, 2.5, 5], "texture": "#0"},
				"up": {"uv": [2, 3, 1.5, 2.5], "texture": "#0"},
				"down": {"uv": [2.5, 2.5, 2, 3], "texture": "#0"}
			}
		},
		{
			"from": [7.501, 13.17678, 6.32322],
			"to": [8.499, 14.59078, 7.82322],
			"rotation": {"angle": 45, "axis": "x", "origin": [7, 13.17678, 6.07322]},
			"faces": {
				"north": {"uv": [12.5, 7, 12.5, 7.5], "texture": "#0"},
				"east": {"uv": [12, 7, 12.5, 7.5], "texture": "#0"},
				"south": {"uv": [13, 7, 13, 7.5], "texture": "#0"},
				"west": {"uv": [12.5, 7, 13, 7.5], "texture": "#0"},
				"up": {"uv": [12.5, 7, 12.5, 6.5], "texture": "#0"},
				"down": {"uv": [12.5, 6.5, 12.5, 7], "texture": "#0"}
			}
		},
		{
			"from": [7.499, 13.47, 6.61597],
			"to": [8.501, 14.47, 7.61597],
			"rotation": {"angle": 45, "axis": "x", "origin": [7, 13.46952, 6.36597]},
			"faces": {
				"north": {"uv": [13, 7.5, 13.5, 8], "texture": "#0"},
				"east": {"uv": [12.5, 7.5, 13, 8], "texture": "#0"},
				"south": {"uv": [14, 7.5, 14.5, 8], "texture": "#0"},
				"west": {"uv": [13.5, 7.5, 14, 8], "texture": "#0"},
				"up": {"uv": [13.5, 7.5, 13, 7], "texture": "#0"},
				"down": {"uv": [14, 7, 13.5, 7.5], "texture": "#0"}
			}
		},
		{
			"from": [7.499, 12.47, 6.61597],
			"to": [8.501, 13.47, 7.61597],
			"rotation": {"angle": 45, "axis": "x", "origin": [7, 12.46952, 6.36597]},
			"faces": {
				"north": {"uv": [13, 7.5, 13.5, 8], "texture": "#0"},
				"east": {"uv": [12.5, 7.5, 13, 8], "texture": "#0"},
				"south": {"uv": [14, 7.5, 14.5, 8], "texture": "#0"},
				"west": {"uv": [13.5, 7.5, 14, 8], "texture": "#0"},
				"up": {"uv": [13.5, 7.5, 13, 7], "texture": "#0"},
				"down": {"uv": [14, 7, 13.5, 7.5], "texture": "#0"}
			}
		},
		{
			"from": [7.499, 11.47, 6.61597],
			"to": [8.501, 12.47, 7.61597],
			"rotation": {"angle": 45, "axis": "x", "origin": [7, 11.46952, 6.36597]},
			"faces": {
				"north": {"uv": [13, 7.5, 13.5, 8], "texture": "#0"},
				"east": {"uv": [12.5, 7.5, 13, 8], "texture": "#0"},
				"south": {"uv": [14, 7.5, 14.5, 8], "texture": "#0"},
				"west": {"uv": [13.5, 7.5, 14, 8], "texture": "#0"},
				"up": {"uv": [13.5, 7.5, 13, 7], "texture": "#0"},
				"down": {"uv": [14, 7, 13.5, 7.5], "texture": "#0"}
			}
		},
		{
			"from": [7.499, 9.47, 6.61597],
			"to": [8.501, 10.47, 7.61597],
			"rotation": {"angle": 45, "axis": "x", "origin": [7, 9.46952, 6.36597]},
			"faces": {
				"north": {"uv": [13, 7.5, 13.5, 8], "texture": "#0"},
				"east": {"uv": [12.5, 7.5, 13, 8], "texture": "#0"},
				"south": {"uv": [14, 7.5, 14.5, 8], "texture": "#0"},
				"west": {"uv": [13.5, 7.5, 14, 8], "texture": "#0"},
				"up": {"uv": [13.5, 7.5, 13, 7], "texture": "#0"},
				"down": {"uv": [14, 7, 13.5, 7.5], "texture": "#0"}
			}
		},
		{
			"from": [7.499, 11.07, 6.61597],
			"to": [8.501, 11.47, 7.11597],
			"rotation": {"angle": 45, "axis": "x", "origin": [7, 10.46952, 6.36597]},
			"faces": {
				"north": {"uv": [13, 7.5, 13.5, 7.5], "texture": "#0"},
				"east": {"uv": [13, 7.5, 13, 7.5], "texture": "#0"},
				"south": {"uv": [13.5, 7.5, 14, 7.5], "texture": "#0"},
				"west": {"uv": [13.5, 7.5, 13.5, 7.5], "texture": "#0"},
				"up": {"uv": [13.5, 7.5, 13, 7.5], "texture": "#0"},
				"down": {"uv": [14, 7.5, 13.5, 7.5], "texture": "#0"}
			}
		},
		{
			"from": [7.499, 10.47, 7.516],
			"to": [8.501, 10.97, 7.616],
			"rotation": {"angle": 45, "axis": "x", "origin": [7, 10.46952, 6.36597]},
			"faces": {
				"north": {"uv": [13.5, 8, 14, 8], "texture": "#0"},
				"east": {"uv": [13.5, 8, 13.5, 8], "texture": "#0"},
				"south": {"uv": [14, 8, 14.5, 8], "texture": "#0"},
				"west": {"uv": [14, 8, 14, 8], "texture": "#0"},
				"up": {"uv": [14, 8, 13.5, 8], "texture": "#0"},
				"down": {"uv": [14.5, 8, 14, 8], "texture": "#0"}
			}
		},
		{
			"from": [7.499, 10.72358, 7.46953],
			"to": [8.501, 11.32358, 7.96953],
			"rotation": {"angle": 45, "axis": "x", "origin": [7, 10.8231, 6.71949]},
			"faces": {
				"north": {"uv": [13, 7.5, 13.5, 7.5], "texture": "#0"},
				"east": {"uv": [13, 7.5, 13, 7.5], "texture": "#0"},
				"south": {"uv": [13.5, 7.5, 14, 7.5], "texture": "#0"},
				"west": {"uv": [13.5, 7.5, 13.5, 7.5], "texture": "#0"},
				"up": {"uv": [13.5, 7.5, 13, 7.5], "texture": "#0"},
				"down": {"uv": [14, 7.5, 13.5, 7.5], "texture": "#0"}
			}
		},
		{
			"from": [7.499, 9.57306, 7.21998],
			"to": [8.501, 12.07306, 7.46998],
			"rotation": {"angle": 0, "axis": "y", "origin": [7, 10.8231, 7.31949]},
			"faces": {
				"north": {"uv": [13.5, 8, 14, 9], "texture": "#0"},
				"east": {"uv": [13.5, 8, 13.5, 9], "texture": "#0"},
				"south": {"uv": [14, 8, 14.5, 9], "texture": "#0"},
				"west": {"uv": [14, 8, 14, 9], "texture": "#0"},
				"up": {"uv": [14, 8, 13.5, 8], "texture": "#0"},
				"down": {"uv": [14.5, 8, 14, 8], "texture": "#0"}
			}
		},
		{
			"from": [7.499, 8.47, 6.61597],
			"to": [8.501, 9.47, 7.61597],
			"rotation": {"angle": 45, "axis": "x", "origin": [7, 8.46952, 6.36597]},
			"faces": {
				"north": {"uv": [13, 7.5, 13.5, 8], "texture": "#0"},
				"east": {"uv": [12.5, 7.5, 13, 8], "texture": "#0"},
				"south": {"uv": [14, 7.5, 14.5, 8], "texture": "#0"},
				"west": {"uv": [13.5, 7.5, 14, 8], "texture": "#0"},
				"up": {"uv": [13.5, 7.5, 13, 7], "texture": "#0"},
				"down": {"uv": [14, 7, 13.5, 7.5], "texture": "#0"}
			}
		},
		{
			"from": [7.499, 7.47, 6.416],
			"to": [8.501, 8.47, 7.616],
			"rotation": {"angle": 45, "axis": "x", "origin": [7, 7.46952, 6.36597]},
			"faces": {
				"north": {"uv": [13, 7.5, 13.5, 8], "texture": "#0"},
				"east": {"uv": [12.5, 7.5, 13, 8], "texture": "#0"},
				"south": {"uv": [14, 7.5, 14.5, 8], "texture": "#0"},
				"west": {"uv": [13.5, 7.5, 14, 8], "texture": "#0"},
				"up": {"uv": [13.5, 7.5, 13, 7], "texture": "#0"},
				"down": {"uv": [14, 7, 13.5, 7.5], "texture": "#0"}
			}
		},
		{
			"from": [7.501, 11, 6.25],
			"to": [8.499, 13, 7.75],
			"rotation": {"angle": 0, "axis": "y", "origin": [7, 11, 6]},
			"faces": {
				"north": {"uv": [12.5, 7, 12.5, 8], "texture": "#0"},
				"east": {"uv": [12, 7, 12.5, 8], "texture": "#0"},
				"south": {"uv": [13, 7, 13, 8], "texture": "#0"},
				"west": {"uv": [12.5, 7, 13, 8], "texture": "#0"},
				"up": {"uv": [12.5, 7, 12.5, 6.5], "texture": "#0"},
				"down": {"uv": [12.5, 6.5, 12.5, 7], "texture": "#0"}
			}
		},
		{
			"from": [7.501, 9.1429, 7.20119],
			"to": [8.499, 11.1429, 7.70119],
			"rotation": {"angle": -22.5, "axis": "x", "origin": [8, 10.1429, 7.45119]},
			"faces": {
				"north": {"uv": [12.5, 5.5, 12.5, 6.5], "texture": "#0"},
				"east": {"uv": [12.5, 5.5, 12.5, 6.5], "texture": "#0"},
				"south": {"uv": [12.5, 5.5, 12.5, 6.5], "texture": "#0"},
				"west": {"uv": [12.5, 5.5, 12.5, 6.5], "texture": "#0"},
				"up": {"uv": [12.5, 5.5, 12.5, 5.5], "texture": "#0"},
				"down": {"uv": [12.5, 5.5, 12.5, 5.5], "texture": "#0"}
			}
		},
		{
			"from": [7.501, 9.1429, 7.20119],
			"to": [8.499, 11.1429, 7.70119],
			"rotation": {"angle": 22.5, "axis": "x", "origin": [8, 10.1429, 7.45119]},
			"faces": {
				"north": {"uv": [12.5, 5.5, 12.5, 6.5], "texture": "#0"},
				"east": {"uv": [12.5, 5.5, 12.5, 6.5], "texture": "#0"},
				"south": {"uv": [12.5, 5.5, 12.5, 6.5], "texture": "#0"},
				"west": {"uv": [12.5, 5.5, 12.5, 6.5], "texture": "#0"},
				"up": {"uv": [12.5, 5.5, 12.5, 5.5], "texture": "#0"},
				"down": {"uv": [12.5, 5.5, 12.5, 5.5], "texture": "#0"}
			}
		},
		{
			"from": [7.501, 8.93664, 6.95881],
			"to": [8.499, 10.43664, 8.95881],
			"rotation": {"angle": -22.5, "axis": "x", "origin": [7, 8.1866, 8.95881]},
			"faces": {
				"north": {"uv": [13, 6, 13, 6.5], "texture": "#0"},
				"east": {"uv": [12, 6, 13, 6.5], "texture": "#0"},
				"south": {"uv": [14, 6, 14, 6.5], "texture": "#0"},
				"west": {"uv": [13, 6, 14, 6.5], "texture": "#0"},
				"up": {"uv": [13, 6, 13, 5], "texture": "#0"},
				"down": {"uv": [13, 5, 13, 6], "texture": "#0"}
			}
		},
		{
			"from": [7.501, 7.5, 6.25],
			"to": [8.499, 9.5, 7.75],
			"rotation": {"angle": 0, "axis": "y", "origin": [7, 7, 6]},
			"faces": {
				"north": {"uv": [15.5, 10, 15.5, 11], "texture": "#0"},
				"east": {"uv": [15, 10, 15.5, 11], "texture": "#0"},
				"south": {"uv": [16, 10, 16, 11], "texture": "#0"},
				"west": {"uv": [15.5, 10, 16, 11], "texture": "#0"},
				"up": {"uv": [15.5, 10, 15.5, 9.5], "texture": "#0"},
				"down": {"uv": [15.5, 9.5, 15.5, 10], "texture": "#0"}
			}
		},
		{
			"from": [7.501, 6.7727, 5.9064],
			"to": [8.499, 8.2727, 7.9064],
			"rotation": {"angle": 22.5, "axis": "x", "origin": [7, 6.2727, 7.9064]},
			"faces": {
				"north": {"uv": [16, 10.5, 16, 11], "texture": "#0"},
				"east": {"uv": [15, 10.5, 16, 11], "texture": "#0"},
				"south": {"uv": [17, 10.5, 17, 11], "texture": "#0"},
				"west": {"uv": [16, 10.5, 17, 11], "texture": "#0"},
				"up": {"uv": [16, 10.5, 16, 9.5], "texture": "#0"},
				"down": {"uv": [16, 9.5, 16, 10.5], "texture": "#0"}
			}
		},
		{
			"name": "a",
			"from": [6, 5.5, 6.75],
			"to": [10, 6.5, 9.25],
			"rotation": {"angle": 0, "axis": "y", "origin": [7, 6, 7]},
			"faces": {
				"north": {"uv": [11, 15.5, 13, 16], "texture": "#0"},
				"east": {"uv": [10, 15.5, 11, 16], "texture": "#0"},
				"south": {"uv": [14, 15.5, 16, 16], "texture": "#0"},
				"west": {"uv": [13, 15.5, 14, 16], "texture": "#0"},
				"up": {"uv": [13, 15.5, 11, 14.5], "texture": "#0"},
				"down": {"uv": [15, 14.5, 13, 15.5], "texture": "#0"}
			}
		},
		{
			"name": "a",
			"from": [6.75, 5.499, 6],
			"to": [9.25, 6.509, 10],
			"rotation": {"angle": 0, "axis": "y", "origin": [8, 6.125, 8]},
			"faces": {
				"north": {"uv": [2, 15.5, 3, 16], "texture": "#0"},
				"east": {"uv": [0, 15.5, 2, 16], "texture": "#0"},
				"south": {"uv": [5, 15.5, 6, 16], "texture": "#0"},
				"west": {"uv": [3, 15.5, 5, 16], "texture": "#0"},
				"up": {"uv": [3, 15.5, 2, 13.5], "texture": "#0"},
				"down": {"uv": [4, 13.5, 3, 15.5], "texture": "#0"}
			}
		}
	],
	"display": {
		"thirdperson_righthand": {
			"translation": [0, 7.75, 1.25],
			"scale": [1.43, 1.43, 1.43]
		},
		"thirdperson_lefthand": {
			"rotation": [-23, 47, 90],
			"translation": [-6.5, -5.75, 8.75],
			"scale": [1.43, 1.43, 1.43]
		},
		"firstperson_righthand": {
			"rotation": [-11, 0, 0],
			"translation": [1.75, 5.75, 0]
		},
		"firstperson_lefthand": {
			"rotation": [-11, 0, 0],
			"translation": [0, 5.75, 1.75]
		},
		"ground": {
			"rotation": [89, 145, -8]
		},
		"gui": {
			"rotation": [85, 50, -79],
			"translation": [0.25, 0, 0],
			"scale": [1.3, 1.3, 1.3]
		},
		"head": {
			"rotation": [59, 180, 180],
			"translation": [0, 9.75, 0],
			"scale": [2, 2, 2]
		},
		"fixed": {
			"rotation": [90, -45, 90],
			"scale": [1.5, 1.5, 1.5]
		}
	},
	"groups": [
		0,
		1,
		2,
		3,
		4,
		5,
		6,
		{
			"name": "group",
			"origin": [7, 6.27268, 7.90641],
			"color": 0,
			"children": [7, 8, 9, 10, 11, 12, 13, 14, 15, 16, 17, 18, 19, 20, 21, 22, 23]
		},
		24,
		25
	]
}